name,age,salary
"Qq1234 *?/\|<>,.()[]{};:'""!@#$%^&`~+-",120,1000000
"Qq1234 *?/\|<>,.()[]{};:'""!@#$%^&`~+-",18,1000000
"Qq1234 *?/\|<>,.()[]{};:'""!@#$%^&`~+-",2000e-2,1000000
"Qq1234 *?/\|<>,.()[]{};:'""!@#$%^&`~+-",,1000000
"Qq1234 *?/\|<>,.()[]{};:'""!@#$%^&`~+-",  ,1000000
"Qq1234 *?/\|<>,.()[]{};:'""!@#$%^&`~+-", 18,1000000
"Qq1234 *?/\|<>,.()[]{};:'""!@#$%^&`~+-",18 ,1000000
"Qq1234 *?/\|<>,.()[]{};:'""!@#$%^&`~+-",1 8,1000000
"Qq1234 *?/\|<>,.()[]{};:'""!@#$%^&`~+-",121,1000000
"Qq1234 *?/\|<>,.()[]{};:'""!@#$%^&`~+-",17,1000000
"Qq1234 *?/\|<>,.()[]{};:'""!@#$%^&`~+-",+18,1000000
"Qq1234 *?/\|<>,.()[]{};:'""!@#$%^&`~+-",-18,1000000
"Qq1234 *?/\|<>,.()[]{};:'""!@#$%^&`~+-",1.8,1000000
"Qq1234 *?/\|<>,.()[]{};:'""!@#$%^&`~+-",TRUE,1000000
"Qq1234 *?/\|<>,.()[]{};:'""!@#$%^&`~+-","Qq1234 *?/\|<>,.()[]{};:'""!@#$%^&`~+-",1000000
"Qq1234 *?/\|<>,.()[]{};:'""!@#$%^&`~+-",null,1000000
"Qq1234 *?/\|<>,.()[]{};:'""!@#$%^&`~+-",120,1
"Qq1234 *?/\|<>,.()[]{};:'""!@#$%^&`~+-",120,2000e-2
"Qq1234 *?/\|<>,.()[]{};:'""!@#$%^&`~+-",120,
"Qq1234 *?/\|<>,.()[]{};:'""!@#$%^&`~+-",120,  
"Qq1234 *?/\|<>,.()[]{};:'""!@#$%^&`~+-",120, 18
"Qq1234 *?/\|<>,.()[]{};:'""!@#$%^&`~+-",120,18 
"Qq1234 *?/\|<>,.()[]{};:'""!@#$%^&`~+-",120,1 8
"Qq1234 *?/\|<>,.()[]{};:'""!@#$%^&`~+-",120,1000001
"Qq1234 *?/\|<>,.()[]{};:'""!@#$%^&`~+-",120,0
"Qq1234 *?/\|<>,.()[]{};:'""!@#$%^&`~+-",120,+18
"Qq1234 *?/\|<>,.()[]{};:'""!@#$%^&`~+-",120,-18
"Qq1234 *?/\|<>,.()[]{};:'""!@#$%^&`~+-",120,1.8
"Qq1234 *?/\|<>,.()[]{};:'""!@#$%^&`~+-",120,TRUE
"Qq1234 *?/\|<>,.()[]{};:'""!@#$%^&`~+-",120,"Qq1234 *?/\|<>,.()[]{};:'""!@#$%^&`~+-"
"Qq1234 *?/\|<>,.()[]{};:'""!@#$%^&`~+-",120,null
Q1,120,1000000
"",120,1000000
"   ",120,1000000
" Arina",120,1000000
"Arina ",120,1000000
Q,120,1000000
"Qq12345 *?/\|<>,.()[]{},:'""!@#$%^&`~+-",120,1000000
1.23,120,1000000
TRUE,120,1000000
